INSERT INTO category (ID, NAME, DESCRIPTION) VALUES ('1', 'Autocolantes', 'Adesivos com o logo da empresa para personalizar seus dispositivos.');
INSERT INTO category (ID, NAME, DESCRIPTION) VALUES ('2', 'Canecas', 'Canecas Comemoratívas DETI lifestyle');
INSERT INTO category (ID, NAME, DESCRIPTION) VALUES ('3', 'Mousepads', 'Mousepads temáticos para maior conforto e precisão no trabalho.');
INSERT INTO category (ID, NAME, DESCRIPTION) VALUES ('4', 'T-Shirts', 'T-shirts com designs de tecnologia e nosso logo, para mostrar seu estilo tech-savvy.');
INSERT INTO category (ID, NAME, DESCRIPTION) VALUES ('5', 'Pen-drives', 'Pen-drives com o logo da empresa para armazenamento de dados com estilo.');

INSERT INTO product (ID, NAME, DESCRIPTION, IMG_SOURCE, IN_STOCK, IS_HOT_DEAL, ORIGIN, PRICE, CATEGORYID, DATE)
VALUES (1, 'Caneca Tech Logo', 'Caneca personalizada com o logotipo da empresa de tecnologia', 'src/assets/prod_images/1a.webp', 100, 0, 'Local', 10.99, 1, '2023-10-18');
INSERT INTO product (ID, NAME, DESCRIPTION, IMG_SOURCE, IN_STOCK, IS_HOT_DEAL, ORIGIN, PRICE, CATEGORYID, DATE)
VALUES (2, 'T-shirt Tech Geek', 'T-shirt com design geek de tecnologia', 'src/assets/prod_images/2a.webp', 50, 1, 'Local', 19.99, 2, '2023-10-18');
INSERT INTO product (ID, NAME, DESCRIPTION, IMG_SOURCE, IN_STOCK, IS_HOT_DEAL, ORIGIN, PRICE, CATEGORYID, DATE)
VALUES (3, 'Autocolante Logo', 'Autocolante personalizado com o logotipo da empresa', 'src/assets/prod_images/3a.webp', 200, 0, 'Local', 2.99, 3, '2023-10-18');
INSERT INTO product (ID, NAME, DESCRIPTION, IMG_SOURCE, IN_STOCK, IS_HOT_DEAL, ORIGIN, PRICE, CATEGORYID, DATE)
VALUES (4, 'Mousepad Tech Comfort', 'Mousepad temático para maior conforto e precisão', 'src/assets/prod_images/4a.webp', 75, 0, 'Local', 12.99, 4, '2023-10-18');
INSERT INTO product (ID, NAME, DESCRIPTION, IMG_SOURCE, IN_STOCK, IS_HOT_DEAL, ORIGIN, PRICE, CATEGORYID, DATE)
VALUES (5, 'Pen-drive Logo', 'Pen-drive com o logo da empresa para armazenamento de dados com estilo', 'src/assets/prod_images/5a.webp', 150, 1, 'Local', 24.99, 5, '2023-10-18');
INSERT INTO product (ID, NAME, DESCRIPTION, IMG_SOURCE, IN_STOCK, IS_HOT_DEAL, ORIGIN, PRICE, CATEGORYID, DATE)
VALUES (6, 'Autocolante Coffee', 'Autocolante personalizado', 'src/assets/prod_images/6a.webp', 75, 0, 'Local', 2.49, 1, '2023-10-18');
INSERT INTO product (ID, NAME, DESCRIPTION, IMG_SOURCE, IN_STOCK, IS_HOT_DEAL, ORIGIN, PRICE, CATEGORYID, DATE)
VALUES (7, 'Caneca Tech Squad', 'Caneca temática do Tech Squad', 'src/assets/prod_images/7a.webp', 60, 0, 'Local', 11.99, 2, '2023-10-18');
INSERT INTO product (ID, NAME, DESCRIPTION, IMG_SOURCE, IN_STOCK, IS_HOT_DEAL, ORIGIN, PRICE, CATEGORYID, DATE)
VALUES (8, 'Mousepad Gamer Pro', 'Mousepad de alta precisão para gamers', 'src/assets/prod_images/8a.webp', 40, 1, 'Local', 17.99, 3, '2023-10-18');
INSERT INTO product (ID, NAME, DESCRIPTION, IMG_SOURCE, IN_STOCK, IS_HOT_DEAL, ORIGIN, PRICE, CATEGORYID, DATE)
VALUES (9, 'Mousepad Logo', 'Mousepad de alta precisão com o Logo', 'src/assets/prod_images/9a.webp', 40, 1, 'Local', 17.99, 3, '2023-10-18');
INSERT INTO product (ID, NAME, DESCRIPTION, IMG_SOURCE, IN_STOCK, IS_HOT_DEAL, ORIGIN, PRICE, CATEGORYID, DATE)
VALUES (10, 'Pen-drive Tech Hero', 'Pen-drive herói da tecnologia', 'src/assets/prod_images/10a.webp', 90, 0, 'Local', 29.99, 5, '2023-10-18');
INSERT INTO product (ID, NAME, DESCRIPTION, IMG_SOURCE, IN_STOCK, IS_HOT_DEAL, ORIGIN, PRICE, CATEGORYID, DATE)
VALUES (11, 'Caneca Tech Innovator', 'Caneca inovadora com design tecnológico', 'src/assets/prod_images/11a.webp', 70, 0, 'Local', 10.49, 2, '2023-10-18');
INSERT INTO product (ID, NAME, DESCRIPTION, IMG_SOURCE, IN_STOCK, IS_HOT_DEAL, ORIGIN, PRICE, CATEGORYID, DATE)
VALUES (12, 'Mousepad Designer', 'Mousepad com design criativo', 'src/assets/prod_images/12a.webp', 35, 0, 'Local', 14.99, 3, '2023-10-18');
INSERT INTO product (ID, NAME, DESCRIPTION, IMG_SOURCE, IN_STOCK, IS_HOT_DEAL, ORIGIN, PRICE, CATEGORYID, DATE)
VALUES (13, 'T-shirt Retro Tech', 'T-shirt retrô com elementos de tecnologia', 'src/assets/prod_images/13a.webp', 45, 0, 'Local', 19.99, 4, '2023-10-18');
INSERT INTO product (ID, NAME, DESCRIPTION, IMG_SOURCE, IN_STOCK, IS_HOT_DEAL, ORIGIN, PRICE, CATEGORYID, DATE)
VALUES (14, 'Pen-drive Criativo', 'Pen-drive com design criativo', 'src/assets/prod_images/14a.webp', 80, 0, 'Local', 26.99, 5, '2023-10-18');
INSERT INTO product (ID, NAME, DESCRIPTION, IMG_SOURCE, IN_STOCK, IS_HOT_DEAL, ORIGIN, PRICE, CATEGORYID, DATE)
VALUES (15, 'Autocolante Geek Chic', 'Autocolante com tema geek e estilo chique', 'src/assets/prod_images/15a.webp', 60, 0, 'Local', 1.99, 1, '2023-10-18');
INSERT INTO product (ID, NAME, DESCRIPTION, IMG_SOURCE, IN_STOCK, IS_HOT_DEAL, ORIGIN, PRICE, CATEGORYID, DATE)
VALUES (16, 'Caneca Tech Retro', 'Caneca com design retrô de tecnologia', 'src/assets/prod_images/16a.webp', 55, 0, 'Local', 9.99, 2, '2023-10-18');
INSERT INTO product (ID, NAME, DESCRIPTION, IMG_SOURCE, IN_STOCK, IS_HOT_DEAL, ORIGIN, PRICE, CATEGORYID, DATE)
VALUES (17, 'Mousepad Gamer Legend', 'Mousepad lendário para gamers', 'src/assets/prod_images/17a.webp', 30, 1, 'Local', 19.99, 3, '2023-10-18');
INSERT INTO product (ID, NAME, DESCRIPTION, IMG_SOURCE, IN_STOCK, IS_HOT_DEAL, ORIGIN, PRICE, CATEGORYID, DATE)
VALUES (18, 'T-shirt Tech Explorer', 'T-shirt para exploradores da tecnologia', 'src/assets/prod_images/18a.webp', 48, 0, 'Local', 16.99, 4, '2023-10-18');
INSERT INTO product (ID, NAME, DESCRIPTION, IMG_SOURCE, IN_STOCK, IS_HOT_DEAL, ORIGIN, PRICE, CATEGORYID, DATE)
VALUES (19, 'Pen-drive Tech Wizard', 'Pen-drive mágico da tecnologia', 'src/assets/prod_images/19a.webp', 70, 0, 'Local', 31.99, 5, '2023-10-18');
INSERT INTO product (ID, NAME, DESCRIPTION, IMG_SOURCE, IN_STOCK, IS_HOT_DEAL, ORIGIN, PRICE, CATEGORYID, DATE)
VALUES (20, 'Caneca Tech Retro Pro', 'Caneca retrô com ícones clássicos de tecnologia', 'src/assets/prod_images/20a.webp', 42, 0, 'Local', 11.99, 2, '2023-10-18');


INSERT INTO APP_USER (ID, NAME, EMAIL, PASSWORD, IMAGE, ROLE, CREDIT_CARD) VALUES ('0', 'Admin', 'admin@deti_store.com', 'adminPass', 'src/assets/prod_images/2.jpg', 'admin', '000000000');
INSERT INTO APP_USER (ID, NAME, EMAIL, PASSWORD, IMAGE, ROLE, CREDIT_CARD) VALUES ('1', 'Josefino Calças', 'jose@fino.com', '123', 'src/assets/prod_images/11.jpg', 'user', '123123123123');
INSERT INTO APP_USER (ID, NAME, EMAIL, PASSWORD, IMAGE, ROLE, CREDIT_CARD) VALUES ('2', 'Alice Johnson', 'alice@example.com', 'password123', 'src/assets/prod_images/2.jpg', 'user', '456456456456');
INSERT INTO APP_USER (ID, NAME, EMAIL, PASSWORD, IMAGE, ROLE, CREDIT_CARD) VALUES ('3', 'John Smith', 'john@example.com', 'securepassword', 'src/assets/prod_images/3.jpg', 'user', '789789789789');
INSERT INTO APP_USER (ID, NAME, EMAIL, PASSWORD, IMAGE, ROLE, CREDIT_CARD) VALUES ('4', 'Emily Davis', 'emily@example.com', 'mysecretpass', 'src/assets/prod_images/4.jpg', 'user', '9876543210');
INSERT INTO APP_USER (ID, NAME, EMAIL, PASSWORD, IMAGE, ROLE, CREDIT_CARD) VALUES ('5', 'David Wilson', 'david@example.com', 'strongpassword', 'src/assets/prod_images/5.jpg', 'user', '1029384756');
